{
  "joy": {
    "layer": 13,
    "norm": 3.7307543754577637
  },
  "sadness": {
    "layer": 13,
    "norm": 1.9791624546051025
  },
  "anger": {
    "layer": 25,
    "norm": 2.547875165939331
  },
  "fear": {
    "layer": 13,
    "norm": 1.731697916984558
  },
  "surprise": {
    "layer": 13,
    "norm": 1.8872202634811401
  },
  "disgust": {
    "layer": 13,
    "norm": 1.915105938911438
  }
}