{
  "joy": {
    "13": {
      "min": -159.22492065429688,
      "max": -98.85482559204102,
      "method": "percentile_5_95",
      "n": 3970
    },
    "17": {
      "min": -13.009606170654298,
      "max": 16.105708408355696,
      "method": "percentile_5_95",
      "n": 3970
    },
    "21": {
      "min": 7.098872113227844,
      "max": 22.371180057525635,
      "method": "percentile_5_95",
      "n": 3970
    },
    "25": {
      "min": -74.33135299682617,
      "max": -31.047238540649417,
      "method": "percentile_5_95",
      "n": 3970
    },
    "28": {
      "min": -22.56677007675171,
      "max": 6.041890454292287,
      "method": "percentile_5_95",
      "n": 3970
    },
    "32": {
      "min": -141.67969131469727,
      "max": -76.27776794433593,
      "method": "percentile_5_95",
      "n": 3970
    }
  },
  "sadness": {
    "13": {
      "min": 10.719307470321656,
      "max": 34.27611217498777,
      "method": "percentile_5_95",
      "n": 3970
    },
    "17": {
      "min": -15.269735050201415,
      "max": -3.474954640865326,
      "method": "percentile_5_95",
      "n": 3970
    },
    "21": {
      "min": -10.989595222473145,
      "max": -2.4420733094215397,
      "method": "percentile_5_95",
      "n": 3970
    },
    "25": {
      "min": -27.53494358062744,
      "max": -5.566299057006837,
      "method": "percentile_5_95",
      "n": 3970
    },
    "28": {
      "min": -16.438206577301024,
      "max": -3.416486263275149,
      "method": "percentile_5_95",
      "n": 3970
    },
    "32": {
      "min": -70.44752159118653,
      "max": -34.75747413635255,
      "method": "percentile_5_95",
      "n": 3970
    }
  },
  "anger": {
    "13": {
      "min": 68.95125808715821,
      "max": 98.33657989501953,
      "method": "percentile_5_95",
      "n": 3970
    },
    "17": {
      "min": 1.411864984035492,
      "max": 15.892555093765258,
      "method": "percentile_5_95",
      "n": 3970
    },
    "21": {
      "min": -27.860318183898926,
      "max": -10.369122266769411,
      "method": "percentile_5_95",
      "n": 3970
    },
    "25": {
      "min": 30.763694095611573,
      "max": 56.5941219329834,
      "method": "percentile_5_95",
      "n": 3970
    },
    "28": {
      "min": -1.8199152827262879,
      "max": 15.020800256729126,
      "method": "percentile_5_95",
      "n": 3970
    },
    "32": {
      "min": 61.71718082427979,
      "max": 109.14886627197264,
      "method": "percentile_5_95",
      "n": 3970
    }
  },
  "fear": {
    "13": {
      "min": 3.658014869689942,
      "max": 23.471228122711164,
      "method": "percentile_5_95",
      "n": 3970
    },
    "17": {
      "min": -12.295624256134033,
      "max": -0.9255759239196812,
      "method": "percentile_5_95",
      "n": 3970
    },
    "21": {
      "min": -0.6446302056312561,
      "max": 4.568351292610166,
      "method": "percentile_5_95",
      "n": 3970
    },
    "25": {
      "min": 0.5888681173324585,
      "max": 18.295140361785883,
      "method": "percentile_5_95",
      "n": 3970
    },
    "28": {
      "min": -1.8028459608554839,
      "max": 10.042435216903684,
      "method": "percentile_5_95",
      "n": 3970
    },
    "32": {
      "min": 19.78112087249756,
      "max": 39.592271614074704,
      "method": "percentile_5_95",
      "n": 3970
    }
  },
  "surprise": {
    "13": {
      "min": -59.24751796722412,
      "max": -34.33612613677979,
      "method": "percentile_5_95",
      "n": 3970
    },
    "17": {
      "min": -9.744782829284668,
      "max": 3.595920908451079,
      "method": "percentile_5_95",
      "n": 3970
    },
    "21": {
      "min": 6.048412561416627,
      "max": 16.51337814331054,
      "method": "percentile_5_95",
      "n": 3970
    },
    "25": {
      "min": -24.761320400238038,
      "max": -6.87706470489502,
      "method": "percentile_5_95",
      "n": 3970
    },
    "28": {
      "min": 7.632028388977051,
      "max": 19.362220764160156,
      "method": "percentile_5_95",
      "n": 3970
    },
    "32": {
      "min": 0.859735655784607,
      "max": 18.127537822723387,
      "method": "percentile_5_95",
      "n": 3970
    }
  },
  "disgust": {
    "13": {
      "min": 46.38932628631592,
      "max": 73.03405876159668,
      "method": "percentile_5_95",
      "n": 3970
    },
    "17": {
      "min": 3.514049232006073,
      "max": 17.60288610458374,
      "method": "percentile_5_95",
      "n": 3970
    },
    "21": {
      "min": -5.984055757522583,
      "max": 2.0996705055236817,
      "method": "percentile_5_95",
      "n": 3970
    },
    "25": {
      "min": 21.026653385162355,
      "max": 42.291104507446285,
      "method": "percentile_5_95",
      "n": 3970
    },
    "28": {
      "min": -11.521371126174927,
      "max": 0.9748522520065304,
      "method": "percentile_5_95",
      "n": 3970
    },
    "32": {
      "min": 20.060053062438964,
      "max": 52.93537425994872,
      "method": "percentile_5_95",
      "n": 3970
    }
  },
  "_meta": {
    "num_prompts": 50,
    "max_new_tokens": 80,
    "method": "percentile_5_95",
    "seed": 42,
    "model": "google/gemma-4-E4B-it",
    "target_layers": [
      13,
      17,
      21,
      25,
      28,
      32
    ],
    "emotions": [
      "joy",
      "sadness",
      "anger",
      "fear",
      "surprise",
      "disgust"
    ]
  }
}